{"DONG0": [["c", "UN"], ["DONG"]], "XI0": [["c", "M"], ["XI"]], "LIAN0": [["c", "j", "En", "n"], ["LIAN"]], "WAN0": [["w", "an"], ["WAN"]], "YIN0": [["in"], ["YING", "YIN"]], "YIN1": [["j", "in", "?", "in", "?", "in", "sil_phone", "in", "n"], ["YIN"]], "MAN0": [["m", "an", "n"], ["MAN"]], "ZUN0": [["c", "w", "@n", "n"], ["ZUN"]], "GO0": [["c", "O"], ["GE"]], "YI0": [["i", "sil_phone", "i", "sil_phone", "i"], ["YI"]], "SHANG0": [["c", "AN", "sil_phone", "AN", "N"], ["SHANG"]], "SHUI0": [["c", "w", "eI^"], ["SHUI"]], "YUAN0": [["j", "w", "an", "n"], ["YUAN"]], "CIE0": [["c", "j", "E", "?", "E"], ["QIE"]], "HUAI0": [["c", "w", "aI^", "i"], ["HUAI"]], "SIAO0": [["c", "j", "?", "AU^", "u"], ["XIAO"]], "JIE0": [["x", "j", "E", "aI^"], ["JIE"]], "FENG0": [["f"], ["FENG"]], "BIAN0": [["c", "j", "En"], ["BIAN"]], "GE0": [["k", "7", "sil_phone", "7"], ["GE"]], "E0": [["a"], ["E"]], "LIANG0": [["l", "j", "AN", "N"], ["LIANG"]], "KOU0": [["k", "oU^", "u"], ["KOU"]], "SAN0": [["c", "an"], ["SAN"]], "CHENG0": [["c", "7N"], ["CHENG"]], "HUA0": [["x", "w", "a"], ["HUA"]], "FEI0": [["f", "eI^"], ["FEI"]], "LIAO0": [["l", "AU^"], ["LIAO"]], "SHA0": [["c", "a", "sil_phone", "a", "sil_phone", "a", "sil_phone", "a", "sil_phone", "a", "sil_phone", "a", "sil_phone", "a"], ["SHA"]], "ME0": [["m", "O"], ["ME"]], "SANG0": [["c", "AN", "N"], ["SANG"]], "SHUI1": [["c", "eI^", "i"], ["SHUI"]], "TOU0": [["c", "oU^", "sil_phone", "oU^", "?", "oU^"], ["TOU"]], "JIN0": [["c", "iN"], ["JING"]], "QI0": [["c", "i", "sil_phone", "i"], ["QI"]], "YUE0": [["j", "H", "9", "sil_phone", "9"], ["YUE"]], "RUAN0": [["r\\'", "w", "an"], ["RUAN"]], "YUE1": [["j", "H", "E", "sil_phone", "E"], ["YUE"]], "CHUANG0": [["c", "w", "AN"], ["CHUANG"]], "HUA1": [["x", "a", "r\\'"], ["HUA"]], "XIN0": [["c", "iN", "sil_phone", "iN"], ["XIN"]], "BIN0": [["c", "iN", "sil_phone", "iN"], ["BING"]], "MO0": [["m", "O"], ["MO", "ME"]], "QIA0": [["c", "j", "a", "sil_phone", "a", "?", "a", "?", "a", "sil_phone", "a"], ["QIA"]], "SHEN0": [["c", "@n"], ["SHEN", "SHENG"]], "LUN0": [["l", "w", "@n", "sil_phone", "w", "@n", "n"], ["LUN"]], "JIANG0": [["c", "j", "AN"], ["JIANG"]], "XIONG0": [["c", "j", "UN", "N"], ["XIONG"]], "MEI0": [["m", "eI^"], ["MEI"]], "ZAI0": [["c", "aI^", "sil_phone", "aI^", "i"], ["ZAI"]], "HONG0": [["x", "UN"], ["HONG"]], "LAO0": [["c", "AU^", "sil_phone", "AU^", "?", "AU^", "N"], ["LAO"]], "RU0": [["r\\'", "u"], ["RU"]], "GU0": [["k", "UN", "N"], ["GU"]], "JIAI0": [["c", "j", "aI^"], ["JIE"]], "MA0": [["m", "a"], ["MA"]], "HUANG0": [["x", "w", "AN"], ["HUANG"]], "BA0": [["c", "a", "sil_phone", "a"], ["BA"]], "KAN0": [["c", "an", "n"], ["KAN"]], "PU0": [["c", "u"], ["PU"]], "YA0": [["j", "a", "sil_phone", "a", "sil_phone", "a", "?", "a", "?", "a", "?", "a"], ["YA"]], "SUI0": [["c", "eI^"], ["SUI"]], "YUAN1": [["j", "H", "an", "n"], ["YUAN"]], "ZUO0": [["c", "w", "O", "sil_phone", "O"], ["ZUO"]], "CONG0": [["c", "UN", "N"], ["CONG"]], "GE1": [["c", "7"], ["GE"]], "BAI0": [["c", "aI^", "sil_phone", "aI^"], ["BAI"]], "LI0": [["l", "i", "?", "i"], ["LI"]], "QING0": [["c", "iN"], ["QING"]], "NIAN0": [["n", "j", "En", "n"], ["NIAN"]], "GAI0": [["k", "aI^", "i"], ["GAI"]], "NGAN0": [["N", "an", "n"], ["AN"]], "NGAN1": [["N", "an"], ["AN"]], "GUAN0": [["k", "w", "a", "AN", "N"], ["GUAN"]], "DONG1": [["c", "UN", "N"], ["DONG"]], "YAO0": [["j", "AU^", "?", "AU^", "sil_phone", "AU^"], ["YAO"]], "ZHANG0": [["c", "a", "AN", "N"], ["ZHENG"]], "TIAN0": [["c", "En"], ["TIAN"]], "TUAN0": [["c", "w", "an", "n"], ["TUAN"]], "WAN1": [["w", "an", "sil_phone", "an", "?", "an", "?", "an", "sil_phone", "an", "sil_phone", "an", "sil_phone", "an", "sil_phone", "an", "sil_phone", "an"], ["WAN"]], "BAO0": [["c", "AU^"], ["BAO"]], "JIAI1": [["c", "j", "aI^", "sil_phone", "aI^", "i"], ["JIE"]], "NGOU0": [["m", "oU^", "u"], ["WO"]], "HUAI1": [["x", "w", "aI^"], ["HUAI"]], "NENG0": [["n", "7N", "N"], ["NENG"]], "CHEN0": [["c", "@n", "sil_phone", "@n", "?", "@n", "n"], ["CHENG"]], "NUO0": [["n", "w", "o"], ["NA"]], "ZHUN0": [["c", "w", "@n", "n"], ["ZHUN"]], "NUAN0": [["n", "w", "an", "n"], ["NUAN"]], "BEN0": [["c", "@n"], ["BEN"]], "XIU0": [["c", "j", "oU^"], ["XIU"]], "HAI0": [["x", "aI^", "sil_phone", "aI^", "i"], ["HAI"]], "QUN0": [["c", "yn"], ["QUN"]], "FAN0": [["c", "an", "n"], ["FAN"]], "E1": [["O"], ["E"]], "NA0": [["n", "a"], ["NA"]], "HUAN0": [["x", "w", "an", "n"], ["HUAN"]], "MENG0": [["m", "7N", "N"], ["MENG"]], "JUN0": [["c", "yn"], ["JUN"]], "ZENG0": [["c", "7N", "N"], ["ZHENG", "ZENG"]], "YIN2": [["j", "in", "sil_phone", "in", "sil_phone", "in", "sil_phone", "in", "sil_phone", "in", "sil_phone", "in", "sil_phone", "in", "sil_phone", "in", "sil_phone", "in", "n"], ["YING"]], "QI1": [["c", "i", "?", "i"], ["QI"]], "SHAN0": [["c", "an"], ["SHAN"]], "ZHONG0": [["c", "UN"], ["ZHONG"]], "SUI1": [["c", "w"], ["SUI"]], "QING1": [["c", "iN", "N"], ["QING"]], "YING0": [["iN"], ["YING"]], "KANG0": [["c", "AN", "sil_phone", "AN", "N"], ["KANG"]], "NUEI0": [["n", "w", "eI^"], ["NEI"]], "GAO0": [["k", "AU^", "u"], ["GAO"]], "QIAN0": [["c", "j", "sil_phone", "En"], ["QIAN"]], "YAN0": [["j", "En"], ["YAN"]], "LUN1": [["l", "w", "@n", "n"], ["LUN"]], "CAI0": [["c", "aI^", "sil_phone", "aI^"], ["CAI"]], "JIAN0": [["c", "j", "En", "sil_phone", "En", "sil_phone", "En", "n"], ["JIAN"]], "A0": [["j", "7"], ["A"]], "TAI0": [["c", "aI^", "sil_phone", "aI^", "i"], ["TAI"]], "MONG0": [["m", "7N", "N"], ["MENG"]], "TIN0": [["c", "iN"], ["TING"]], "CHAI0": [["c", "aI^", "sil_phone", "sil_phone", "i"], ["CHAI"]], "BEI0": [["c", "7"], ["BEI"]], "ZHEN0": [["c", "@n", "sil_phone", "@n"], ["ZHEN"]], "SHRI0": [["c", "1"], ["SHI"]], "JIN1": [["c", "in", "n"], ["JING", "JIN"]], "ZUI0": [["c", "w", "eI^", "i"], ["ZUI"]], "BANG0": [["c", "AN", "N"], ["BANG"]], "BA1": [["c", "a", "r\\'"], ["BA"]], "BAN0": [["c", "AN"], ["BAN"]], "E2": [["O", "sil_phone", "O"], ["E"]], "ZHUAN0": [["c", "w", "an", "n"], ["ZHUAN", "ZHUANG"]], "YONG0": [["j", "UN", "sil_phone", "UN", "?", "UN", "sil_phone", "UN", "N"], ["YONG"]], "QIONG0": [["c", "j", "UN", "N"], ["QIONG"]], "NE0": [["n", "7"], ["NE"]], "LIAO1": [["l", "j", "AU^", "sil_phone", "AU^"], ["LIAO"]], "DAI0": [["c", "aI^", "sil_phone", "aI^"], ["DAI"]], "LAN0": [["l", "an", "n"], ["LAN"]], "DIN0": [["c", "in"], ["DING"]], "QWAN0": [["c", "w", "an", "n"], ["QUAN"]], "YANG0": [["j", "AN", "N"], ["YANG"]], "HEN0": [["x", "@n"], ["HEN"]], "LEI0": [["l", "eI^", "i"], ["LEI"]], "ZHONG1": [["c", "UN", "u"], ["ZHONG"]], "YOU0": [["y", "oU^"], ["YOU"]], "MIN0": [["m", "in"], ["MING"]], "JIN2": [["c", "in", "sil_phone", "in", "n"], ["JING"]], "PEN0": [["c", "@n"], ["PENG", "PEN"]], "CHA0": [["c", "a", "sil_phone", "a", "sil_phone", "a"], ["CHA"]], "GEN0": [["k", "@n"], ["GEN"]], "ZHONG2": [["c", "UN", "?", "UN", "N"], ["ZHONG"]], "QI2": [["c", "1"], ["QI"]], "HUAN1": [["c", "w", "an"], ["HAI"]], "GUA0": [["k", "w", "a"], ["GUA"]], "SI0": [["c", "M"], ["SI", "XI"]], "CHEN1": [["c", "@n"], ["CHEN", "CHENG"]], "XIANG0": [["c", "j", "AN", "N"], ["XIANG"]], "TAN0": [["c", "an", "n"], ["TAN"]], "XING0": [["c", "in"], ["XING"]], "TOU1": [["c", "oU^", "u"], ["TOU"]], "CAO0": [["c", "AU^", "u"], ["CAO"]], "SHVE0": [["c", "H", "7", "?", "7", "?", "7"], ["SHUO"]], "CHAI1": [["c", "aI^"], ["CHAI"]], "GAN0": [["k", "an", "sil_phone", "an", "sil_phone", "an", "sil_phone", "an"], ["GAN"]], "SHANG1": [["c", "AN", "sil_phone", "AN"], ["SHANG"]], "NAO0": [["n", "AU^"], ["NAO"]], "ZHRU0": [["c", "r\\'", "u"], ["ZHU"]], "NGAI0": [["N", "aI^", "i"], ["AI"]], "DIAN0": [["c", "j", "En", "n"], ["DIAN"]], "YIN3": [["j", "in", "n"], ["YIN", "YING"]], "YIN4": [["y", "in", "n"], ["YIN"]], "WEN0": [["w", "@n"], ["WEN"]], "SHEN1": [["c", "7N"], ["SHENG", "SHEN"]], "QUE0": [["c", "H"], ["QUE"]], "LONG0": [["l", "u", "UN", "N"], ["LONG"]], "E3": [["7", "sil_phone", "7"], ["E"]], "NV0": [["n", "y"], ["NV"]], "ZI0": [["c", "M", "a"], ["ZI"]], "NENG1": [["n", "7N", "N", "sil_phone", "n", "7N"], ["NENG"]], "JUAN0": [["c", "w", "an", "n"], ["JUAN"]], "TIN1": [["c", "in", "sil_phone", "in"], ["TING"]], "NAN0": [["n", "an", "n"], ["NAN"]], "MAO0": [["m", "AU^", "u"], ["MAO"]], "RI0": [["r\\'", "1", "i"], ["RI"]], "RI1": [["l", "i"], ["RI"]], "KONG0": [["c", "u", "sil_phone", "u", "sil_phone", "u", "sil_phone", "u", "sil_phone", "u", "UN", "N"], ["KONG"]], "HAO0": [["x", "AU^"], ["HAO"]], "FU0": [["c", "u"], ["FU"]], "PO0": [["c", "O", "sil_phone", "O", "sil_phone", "O", "sil_phone", "O", "sil_phone", "O"], ["PO"]], "GUO0": [["k", "O"], ["GUO"]], "RV0": [["r\\'", "y"], ["RU"]], "HONG1": [["c", "UN"], ["HONG"]], "NA1": [["n", "a", "?"], ["NA"]], "SAN1": [["c", "an", "sil_phone", "an", "sil_phone", "an", "n"], ["SAN"]], "TENG0": [["c", "7N", "sil_phone", "7N"], ["TENG"]], "LIAO2": [["l", "AU^", "u"], ["LIAO"]], "LAO1": [["l", "AU^", "u"], ["LAO"]], "A1": [["a"], ["A"]], "DANG0": [["c", "AN", "sil_phone", "AN"], ["DANG"]], "JIA0": [["c", "j", "a"], ["JIA"]], "DAO0": [["c", "AU^", "u"], ["DAO"]], "NU0": [["n", "u", "sil_phone", "u", "?", "u", "?", "u"], ["NU"]], "GUI0": [["k", "w", "eI^", "sil_phone", "eI^", "sil_phone", "eI^", "sil_phone", "eI^", "sil_phone", "eI^", "sil_phone", "eI^"], ["GUI"]], "YING1": [["c", "iN", "sil_phone", "iN", "sil_phone", "iN", "sil_phone", "iN", "sil_phone", "iN"], ["YING"]], "HUA2": [["x", "w", "a", "sil_phone", "a"], ["HUA"]], "MAN1": [["m", "an", "sil_phone", "an"], ["MAN"]], "JIU0": [["c", "j", "oU^", "sil_phone", "oU^"], ["JIU"]], "CUO0": [["c", "w", "O"], ["CUO"]], "KEN0": [["c", "@n", "n"], ["KEN"]], "YWAN0": [["j", "w", "En", "n"], ["YUAN"]], "XIN1": [["c", "in", "sil_phone", "in", "n"], ["XIN"]], "LING0": [["l", "iN"], ["LING"]], "MAO1": [["m", "AU^"], ["MAO"]], "SHI0": [["c", "1", "sil_phone", "1", "?", "1", "sil_phone", "1"], ["SHI"]], "PEI0": [["c", "eI^", "i"], ["PEI"]], "DANG1": [["c", "AN", "?", "AN", "N"], ["DANG"]], "YAN1": [["j", "an"], ["YAN"]], "NE1": [["n", "9"], ["NE"]], "JIN3": [["c", "in", "sil_phone", "in", "sil_phone", "in", "sil_phone", "in", "n"], ["JIN"]], "HUANG1": [["x", "AN"], ["HUANG"]], "MIN1": [["m", "in", "sil_phone", "in", "?", "in", "sil_phone", "in", "n"], ["MING"]], "SHUANG0": [["c", "w", "?", "w", "AN", "N"], ["SHUANG"]], "LUN2": [["l", "w", "@n"], ["LUN"]], "CHONG0": [["c", "UN", "N"], ["CHONG"]], "CHV0": [["c", "y", "sil_phone", "y"], ["CHU"]], "NEN0": [["n", "7N", "sil_phone", "7N"], ["NENG"]], "QUAN0": [["c", "w", "an", "n"], ["QUAN"]], "YUAN2": [["j", "H"], ["YUAN"]], "HAO1": [["f", "AU^", "sil_phone", "AU^", "u"], ["HAO"]], "GUAN1": [["k", "w", "an"], ["GUAN"]], "JI0": [["i"], ["JI"]], "XIU1": [["c", "j", "oU^", "u"], ["XIU"]], "MIAO0": [["m", "j", "AU^", "u"], ["MIAO"]], "BAI1": [["c", "7"], ["BAI"]], "YIN5": [["c", "in"], ["YIN"]], "YUN0": [["j", "y", "yn", "n"], ["YUN"]], "DUAN0": [["c", "w", "an", "n"], ["DUAN"]], "DU0": [["c", "u", "sil_phone", "u"], ["DU"]], "MAN2": [["m", "an", "sil_phone", "an", "sil_phone", "an"], ["MAN"]], "QIN0": [["c", "in", "sil_phone", "in"], ["QING"]], "TAN1": [["c", "an"], ["TAN"]], "KUN0": [["c", "w", "@n", "sil_phone", "@n", "n"], ["KUN"]], "MING0": [["m", "iN", "sil_phone", "iN"], ["MING"]], "LIU0": [["l", "j", "oU^"], ["LIU"]], "FI0": [["f", "eI^"], ["FEI"]], "MIAN0": [["m", "j", "En", "sil_phone", "j", "sil_phone", "j", "sil_phone", "j", "sil_phone", "j", "sil_phone", "j", "En", "n"], ["MIAN"]], "QUE1": [["c", "H", "E"], ["QUE"]], "GAN1": [["k", "an", "sil_phone", "an", "sil_phone", "an", "sil_phone", "an", "n"], ["GAN"]], "XIAN0": [["c", "j", "En"], ["XIAN"]], "HAO2": [["x", "AU^", "sil_phone", "AU^"], ["HAO"]], "TA0": [["c", "a", "?", "a"], ["TA"]], "CHVN0": [["c", "yn", "n"], ["CHUN"]], "JIN4": [["c", "in", "?", "in", "n"], ["JIN"]], "CANG0": [["c", "AN"], ["CANG"]], "PING0": [["c", "iN"], ["PING"]], "SHRU0": [["c", "r\\'", "u"], ["SHU"]], "YUAN3": [["j", "w", "an"], ["YUAN"]], "CHUANG1": [["c", "w", "AN", "N"], ["CHUANG"]], "WAI0": [["w", "aI^"], ["WAI"]], "SHOU0": [["c", "oU^", "sil_phone", "oU^"], ["SHOU"]], "XI1": [["c", "i"], ["XI"]], "JIN5": [["c", "in"], ["JING", "JIN"]], "TA1": [["c", "a"], ["TA"]], "XIE0": [["c", "j", "E", "?", "E"], ["XIE"]], "HUA3": [["c", "w", "a"], ["HUA"]], "ZENG1": [["c", "7N"], ["ZHENG"]], "DA0": [["c", "a"], ["DA"]], "YIN6": [["in", "sil_phone", "in", "n"], ["YING", "YIN"]], "XUE0": [["c", "H", "9", "?", "9"], ["XUE"]], "LA0": [["l", "a"], ["LA"]], "XIAN1": [["c", "j", "En", "n"], ["XIAN"]], "SI1": [["x", "M"], ["SI"]], "NIAO0": [["n", "j", "AU^"], ["NIAO"]], "MAO2": [["m", "AU^", "sil_phone", "AU^"], ["MAO"]], "CHOU0": [["c", "oU^", "u"], ["CHOU"]], "CHANG0": [["c", "AN", "sil_phone", "AN", "sil_phone", "AN", "sil_phone", "AN", "sil_phone", "AN", "sil_phone", "AN"], ["CHANG"]], "LAO2": [["l", "AU^", "N"], ["LAO"]], "HU0": [["c", "u"], ["HU"]], "LU0": [["l", "u", "sil_phone", "u"], ["LU"]], "YIN7": [["j", "in", "sil_phone", "in", "sil_phone", "in", "sil_phone", "in"], ["YING"]], "JUAN1": [["c", "H", "an"], ["JUAN"]], "XUE1": [["c", "H"], ["XUE"]], "SAN2": [["c", "an", "sil_phone", "an", "n"], ["SAN"]], "CHU0": [["c", "u", "sil_phone", "u"], ["CHU"]], "QWAN1": [["c", "w", "an"], ["QUAN"]], "A2": [["r\\'", "a", "sil_phone", "a", "sil_phone", "a", "sil_phone", "a", "?", "a"], ["A"]], "XIAN2": [["c", "j", "?", "En", "?", "En", "n"], ["XIAN"]], "GUI1": [["k", "w", "eI^"], ["GUI"]], "LIAO3": [["l", "j", "AU^", "O"], ["LIAO"]], "LIN0": [["c", "in", "n"], ["LIN"]], "FANG0": [["f", "AN", "sil_phone", "AN", "N"], ["FANG"]], "LU1": [["l", "u"], ["LV", "LU"]], "SUE0": [["c", "H", "E"], ["XUE"]], "WAI1": [["w", "aI^", "i"], ["WAI"]], "E4": [["9"], ["E"]], "QI3": [["c", "iN", "N"], ["QI"]], "FEN0": [["f", "@n", "n"], ["FEN"]], "FU1": [["f", "u", "sil_phone", "u"], ["FU"]], "YOU1": [["j", "oU^"], ["YOU"]], "JIAI2": [["c", "j", "E"], ["JIE"]], "JIAN1": [["c", "j", "@n", "n"], ["JIAN"]], "KANG1": [["c", "AN", "N"], ["KANG"]], "NUO1": [["N", "w", "O"], ["LUO"]], "NAI0": [["N", "aI^", "i"], ["LAI"]], "QIE0": [["c", "j", "E", "sil_phone", "E"], ["QIE"]], "MIE0": [["m", "j", "E"], ["MIE"]], "HUAI2": [["x", "w", "sil_phone", "w", "aI^", "?", "aI^", "i"], ["HUAI"]], "RI2": [["r\\'", "1"], ["RI"]], "CENG0": [["c", "7N", "?", "7N", "N"], ["CENG"]], "CIU0": [["c", "j", "oU^", "u"], ["QIU"]], "TAN2": [["c", "an", "sil_phone", "an", "n"], ["TAN"]], "A3": [["a", "sil_phone", "a"], ["A"]], "LIANG1": [["l", "j", "AN"], ["LIANG"]], "YOAN0": [["j", "O", "an", "n"], ["YUAN"]], "TUO0": [["c", "w", "O"], ["TUO"]], "HO0": [["x", "O"], ["HE"]], "LAO3": [["l", "AU^", "sil_phone", "AU^", "u"], ["LAO"]], "LV0": [["l", "u"], ["LV"]], "LI1": [["l", "i"], ["LI"]], "A4": [["a", "?", "a", "?", "a"], ["A"]], "XIN2": [["c", "in", "n"], ["XING", "XIN"]], "CHENG1": [["c", "7N", "N"], ["CHENG"]], "TAI1": [["c", "aI^"], ["TAI"]], "DE0": [["c", "7", "?", "7"], ["DE"]], "FANG1": [["f", "AN"], ["FANG"]], "NE2": [["n", "E"], ["NE"]], "SUAN0": [["c", "w", "an"], ["SUAN"]], "HOU0": [["c", "oU^", "u"], ["HOU"]], "GAN2": [["k", "an"], ["GAN"]], "XING1": [["x", "iN", "N"], ["XING"]], "FU2": [["f", "u", "?", "u"], ["FU"]], "GUANG0": [["k", "w", "AN", "N"], ["GUANG"]], "TANG0": [["c", "AN"], ["TANG"]], "PIN0": [["c", "in", "n"], ["PING", "PIN"]], "YI1": [["i"], ["YI"]], "GU1": [["k", "u"], ["GU"]], "SE0": [["c", "7", "?", "7", "sil_phone", "7"], ["SE"]], "TUN0": [["c", "w", "eI^", "i"], ["TUN"]], "WAN2": [["w", "an", "sil_phone", "an"], ["WAN"]], "YU0": [["y"], ["YU"]], "NIANG0": [["n", "j", "AN", "N"], ["NIANG"]], "KUA0": [["c", "w", "a"], ["KUA"]], "CHANG1": [["c", "AN"], ["CHANG"]], "ZHUI0": [["c", "w", "eI^"], ["ZHUI"]], "WAI2": [["w", "aI^", "sil_phone", "aI^", "sil_phone", "aI^", "i"], ["WAI"]], "ZOU0": [["c", "oU^"], ["ZOU"]], "LI2": [["l", "i", "sil_phone", "i"], ["LI"]], "CHUANG2": [["c", "u", "AN", "sil_phone", "AN"], ["CHUANG"]], "YE0": [["j", "7"], ["YE"]], "GANG0": [["k", "AN", "N"], ["GANG"]], "ZHRU1": [["c", "r\\'", "y"], ["ZHU"]], "JING0": [["c", "iN", "N"], ["JING"]], "XIAN3": [["c", "j", "En", "sil_phone", "En"], ["XIAN"]], "DIAN1": [["c", "j", "@n"], ["DIAN"]], "CHU1": [["c", "u"], ["CHU"]], "CHA1": [["c", "a"], ["CHA"]], "DIAN2": [["c", "j", "En"], ["DIAN"]], "MIN2": [["m", "in", "N"], ["MING"]], "YIN8": [["in", "n"], ["YIN", "YING"]], "ZONG0": [["c", "UN", "N"], ["ZONG"]], "GONG0": [["c", "UN", "N"], ["GONG"]], "LIAN1": [["l", "j", "@n", "n"], ["LIAN"]], "CUN0": [["c", "w", "@n", "n"], ["CUN"]], "LUN3": [["l", "@n"], ["LUN"]], "DAO1": [["c", "AU^", "sil_phone", "AU^", "u"], ["DAO"]], "WO0": [["N", "O"], ["WO"]], "FENG1": [["f", "7N"], ["FENG"]], "MENG1": [["m", "7N"], ["MENG"]], "ZHUO0": [["x", "AU^"], ["ZHAO"]], "CIN0": [["c", "in", "n"], ["QING"]], "JIN6": [["c", "i", "N"], ["JI"]], "LIAN2": [["l", "j", "En", "sil_phone", "En", "n"], ["LIAN"]], "SHENG0": [["c", "7N"], ["SHENG"]], "HUA4": [["c", "@n"], ["HUA"]], "NING0": [["n", "iN", "N"], ["NING"]], "MU0": [["m", "u"], ["MU"]], "JUN1": [["c", "H", "sil_phone", "H", "sil_phone", "H", "En"], ["JUN"]], "JIAN2": [["c", "j", "En", "n"], ["JIAN"]], "MIN3": [["m", "in", "sil_phone", "in"], ["MING"]], "XIE1": [["c", "j", "E"], ["XIE"]], "ZHV0": [["c", "y", "sil_phone", "y"], ["ZHU"]], "BIN1": [["c", "in", "N"], ["BING"]], "CHI0": [["c", "1"], ["CHI"]], "MAN3": [["m", "an"], ["MAN"]], "ZHUN1": [["c", "@n"], ["ZHUN"]], "LAO4": [["l", "AU^"], ["LAO"]], "LAI0": [["l", "aI^", "i"], ["LAI"]], "CU0": [["c", "u", "sil_phone", "u"], ["CHU"]], "YU1": [["j", "y", "sil_phone", "y"], ["YU"]], "DUI0": [["c", "w", "eI^"], ["DUI"]], "MEN0": [["m", "@n", "sil_phone", "@n", "n"], ["MEN"]], "QIAN1": [["c", "j", "?", "E"], ["QIAN"]], "BAI2": [["c", "aI^"], ["BAI"]], "LANG0": [["l", "AN", "N"], ["LANG"]], "WANG0": [["w", "AN", "sil_phone", "AN", "sil_phone", "AN", "N"], ["WANG"]], "QIN1": [["c", "in", "n"], ["QING", "QIN"]], "ZUE0": [["c", "H", "E"], ["JUE"]], "HAN0": [["x", "an", "n"], ["HAN"]], "JIA1": [["c", "j", "a", "sil_phone", "a"], ["JIA"]], "CHUANG3": [["c", "AN"], ["CHUANG"]], "CHANG2": [["c", "AN", "sil_phone", "AN", "N"], ["CHANG"]], "BIAO0": [["c", "j", "AU^"], ["BIAO"]], "CHAO0": [["c", "AU^"], ["CHAO"]], "LAI1": [["l", "aI^", "sil_phone", "aI^", "?", "aI^", "i"], ["LAI"]], "GUI2": [["c", "w", "eI^"], ["GUI"]], "XI2": [["c", "1"], ["XI"]], "LV1": [["l", "y"], ["LV"]], "LEI1": [["l", "w", "eI^", "i"], ["LEI"]], "CHOU1": [["c", "oU^"], ["CHOU"]], "WANG1": [["w", "AN", "N"], ["WANG"]], "YU2": [["j", "y", "sil_phone", "y", "sil_phone", "y"], ["YU"]], "KUN1": [["c", "@n"], ["KUN"]], "SIU0": [["c", "j", "oU^"], ["XIU"]], "BIN2": [["c", "in", "sil_phone", "in"], ["BING"]], "KONG1": [["c", "UN", "sil_phone", "UN"], ["KONG"]], "HAI1": [["c", "aI^"], ["HAI"]], "WAN3": [["w", "an", "sil_phone", "an", "N"], ["WAN"]], "LAO5": [["l", "AU^", "sil_phone", "AU^", "sil_phone", "AU^", "sil_phone", "AU^", "sil_phone", "AU^", "sil_phone", "AU^", "sil_phone", "AU^", "sil_phone", "AU^", "sil_phone", "AU^", "sil_phone", "AU^", "sil_phone", "AU^", "sil_phone", "AU^"], ["LAO"]], "ZI1": [["c", "M"], ["ZI"]], "TUN1": [["c", "w", "@n", "n"], ["TUN"]], "KAO0": [["c", "AU^", "u"], ["KAO"]], "HO1": [["x", "O", "sil_phone", "O"], ["HE"]], "HUAN2": [["x", "w", "an"], ["HUAN"]], "GUI3": [["k", "w", "eI^", "i"], ["GUI"]], "PANG0": [["c", "AN", "N"], ["PANG"]], "PONG0": [["c", "UN", "N"], ["PENG"]], "CIAN0": [["c", "j", "En", "n"], ["QIAN"]], "CHOU2": [["c", "oU^", "sil_phone", "oU^", "u"], ["CHOU"]], "SHE0": [["c", "7"], ["SHE"]], "KOU1": [["k", "oU^"], ["KOU"]], "SIAN0": [["c", "j", "En", "n"], ["XIAN"]], "BU0": [["c", "u", "?", "u"], ["BU"]], "HUI0": [["x", "w", "eI^"], ["HUI"]], "HEN1": [["x", "@n", "n"], ["HEN"]], "MIAN1": [["m", "j", "En", "n"], ["MIAN"]], "XIAO0": [["c", "j", "AU^", "u"], ["XIAO"]], "LEI2": [["eI^", "sil_phone", "eI^", "?", "eI^", "sil_phone", "eI^", "sil_phone", "eI^", "sil_phone", "eI^", "sil_phone", "eI^", "i"], ["LEI"]], "BIN3": [["c", "in", "n"], ["BING", "BIN"]], "MAN4": [["m", "an", "sil_phone", "an", "sil_phone", "an", "sil_phone", "an"], ["MAN"]], "BAN1": [["c", "an"], ["BAN"]], "SAI0": [["c", "aI^", "i"], ["SAI"]], "FONG0": [["f", "@n", "n"], ["FENG"]], "TUI0": [["c", "w", "eI^", "i"], ["TUI"]], "TAI2": [["c", "aI^", "i"], ["TAI"]], "CI0": [["c", "M", "sil_phone", "M"], ["CI"]], "MONG1": [["m", "UN"], ["MENG"]], "ZUN1": [["c", "w", "@n"], ["ZUN"]], "NU1": [["n", "u"], ["NU"]], "LIAO4": [["c", "j", "AU^", "u"], ["LIAO"]], "XIE2": [["c", "j", "?", "E"], ["XIE"]], "BAI3": [["c", "a"], ["BAI"]], "E5": [["7", "sil_phone", "7", "sil_phone", "7", "sil_phone", "7", "sil_phone", "7", "sil_phone", "7"], ["E"]], "HOU1": [["x", "oU^", "sil_phone", "oU^"], ["HOU"]], "CHAI2": [["c", "aI^", "sil_phone", "aI^", "i"], ["CHAI"]], "SHUANG1": [["c", "w", "AN", "N"], ["SHUANG"]], "REN0": [["r\\'", "@n", "n"], ["REN"]], "YA1": [["c", "a"], ["YA"]], "ZHAO0": [["c", "AU^", "O"], ["ZHAO"]], "KUN2": [["c", "w", "@n", "sil_phone", "@n"], ["KUN"]], "MIOU0": [["m", "j", "oU^", "u"], ["MAO"]], "QIN2": [["c", "in", "N"], ["QING"]], "DEN0": [["c", "@n", "sil_phone"], ["DENG"]], "ZHEN1": [["c", "@n"], ["ZHEN", "ZHENG"]], "SIN0": [["c", "in", "?", "in", "n"], ["XIN"]], "TIAN1": [["c", "j", "En", "n"], ["TIAN"]], "CHV1": [["c", "y"], ["CHU"]], "DUAN1": [["c", "w", "an", "n", "sil_phone", "an", "n"], ["DUAN"]], "KOU2": [["c", "oU^"], ["KOU"]], "SHEN2": [["c", "En", "n"], ["SHEN"]], "HE0": [["x", "7"], ["HE"]], "GONG1": [["k", "UN"], ["GONG"]], "KONG2": [["c", "UN", "sil_phone", "UN", "sil_phone", "UN", "N"], ["KONG"]], "ZI2": [["c", "i", "sil_phone", "i", "sil_phone", "i", "sil_phone", "i"], ["JI"]], "YONG1": [["j", "UN", "N"], ["YONG"]], "YOU2": [["j", "sil_phone", "oU^", "u"], ["YOU"]], "FENG2": [["f", "UN", "N"], ["FENG"]], "GUN0": [["k", "w", "@n", "n"], ["GUN"]], "YWAN1": [["j", "w", "an"], ["YUAN"]], "NUAN1": [["n", "w", "an"], ["NUAN"]], "WEN1": [["w", "@n", "n"], ["WEN"]], "FEN1": [["f", "@n"], ["FEN"]], "SI2": [["c", "M", "sil_phone", "M"], ["SI"]], "NEN1": [["n", "@n", "sil_phone", "@n", "sil_phone", "@n"], ["NENG"]], "SHEN3": [["c", "@n", "sil_phone", "@n", "n"], ["SHEN"]], "ZHI0": [["c", "i"], ["ZHI"]], "GUANG1": [["k", "w", "a", "sil_phone", "AN", "sil_phone", "AN"], ["GUANG"]], "ZE0": [["c", "7"], ["ZE", "ZEI"]], "SHEN4": [["c", "@n", "sil_phone", "@n"], ["SHEN"]], "TIN2": [["c", "i", "sil_phone", "in", "n"], ["TING"]], "RAN0": [["r\\'", "an", "n"], ["RAN"]], "NAI1": [["n", "aI^", "i"], ["NAI"]], "EN0": [["@n"], ["EN"]], "YI2": [["j", "i", "sil_phone", "i"], ["YI"]], "LUO0": [["l", "w", "O"], ["LUO"]], "GAN3": [["k", "an", "sil_phone", "an", "sil_phone", "an"], ["GAN"]], "QIE1": [["c", "j", "E"], ["QIE"]], "DAI1": [["c", "aI^"], ["DAI"]], "SHUI2": [["c", "w", "eI^", "sil_phone", "eI^", "?", "eI^", "?", "eI^"], ["SHUI"]], "SUO0": [["c", "w", "O"], ["SUO"]], "MONG2": [["m", "7N"], ["MENG"]], "CHANG3": [["c", "AN", "sil_phone", "AN"], ["CHANG"]], "YUAN4": [["j", "w", "En"], ["YUAN"]], "NGO0": [["N", "O"], ["WU", "WO", "E"]], "YI3": [["j", "i"], ["YI"]], "YE1": [["j", "7", "N"], ["YE"]], "JING1": [["c", "iN", "?", "iN", "?", "iN", "N"], ["JING"]], "NENG2": [["n", "7N"], ["NENG"]], "XIN3": [["c", "in", "N"], ["XIN", "XING"]], "YAO1": [["j", "AU^"], ["YAO"]], "PIN1": [["c", "iN", "N"], ["PING"]], "BI0": [["c", "i"], ["BI"]], "PO1": [["c", "O", "sil_phone", "O"], ["PO"]], "CHOU3": [["c", "oU^", "sil_phone", "oU^", "sil_phone", "oU^", "sil_phone", "oU^", "u"], ["CHOU"]], "GOU0": [["c", "oU^"], ["GOU"]], "HUN0": [["x", "w", "@n", "n"], ["HUN"]], "SE1": [["c", "7", "sil_phone", "7", "sil_phone", "7"], ["SE"]], "SHUI3": [["c", "u", "eI^", "i"], ["SHUI"]], "GOU1": [["k", "oU^"], ["GOU"]], "QIAN2": [["c", "j", "En"], ["QIAN"]], "ZHV1": [["c", "1"], ["ZHU"]], "HOU2": [["x", "oU^", "sil_phone", "oU^", "?", "oU^", "sil_phone", "oU^", "?", "oU^", "sil_phone", "oU^", "sil_phone", "oU^", "sil_phone", "oU^"], ["HOU"]], "ZHANG1": [["c", "AN", "sil_phone", "AN", "sil_phone", "AN"], ["ZHANG"]], "E6": [["7", "?", "7"], ["E"]], "LANG1": [["l", "AN"], ["LANG"]], "LIU1": [["l", "j", "oU^", "u"], ["LIU"]], "QIU0": [["c", "j", "oU^"], ["QIU"]], "LUAN0": [["c", "w", "an", "n"], ["LUAN"]], "YING2": [["j", "in", "n"], ["YING"]], "GE2": [["k", "7"], ["GE"]], "CIN1": [["c", "in", "sil_phone", "in", "sil_phone", "in"], ["QING"]], "RUI0": [["r\\'", "w", "?", "eI^"], ["RUI"]], "SUAN1": [["c", "w", "an", "n"], ["SUAN"]], "KUN3": [["c", "w", "@n", "n"], ["KUN"]], "BE0": [["c", "7"], ["BAI", "BE", "BEI"]], "ZHANG2": [["c", "AN", "N"], ["ZHAN", "ZHANG"]], "ZHAO1": [["c", "AU^", "u"], ["ZHAO"]], "ZHE0": [["c", "7", "sil_phone", "7"], ["ZHE"]], "KONG3": [["c", "UN", "sil_phone", "UN", "sil_phone", "UN"], ["KONG"]], "XUE2": [["c", "H", "9"], ["XUE"]], "YUE2": [["j", "H", "9"], ["YUE"]], "WAN4": [["w", "an", "n"], ["WAN"]], "NAN1": [["n", "a", "?", "an", "n"], ["NAN"]], "PANG1": [["c", "AN"], ["PANG"]], "CING0": [["c", "iN"], ["QING"]], "WANG2": [["w", "AN", "sil_phone", "AN", "N"], ["WANG"]], "QIN3": [["c", "in", "sil_phone", "in", "sil_phone", "in", "in"], ["QING"]], "PING1": [["c", "iN", "N"], ["PING"]], "KAN1": [["c", "an"], ["KAN"]], "XIONG1": [["c", "j", "UN"], ["XIONG"]], "SUN0": [["c", "w", "En", "n"], ["SUN"]], "CHAN0": [["c", "an", "n"], ["CHAN", "CHANG"]], "DOU0": [["c", "oU^"], ["DOU"]], "SONG0": [["c", "UN", "N"], ["SONG"]], "KE0": [["c", "7"], ["KE"]], "YI4": [["j", "i", "?", "i"], ["YI"]], "XIAI0": [["c", "j", "aI^", "?", "aI^", "?", "aI^", "i"], ["XIE"]], "DING0": [["c", "iN", "N"], ["DING"]], "LIN1": [["l", "in", "n"], ["LING", "LIN"]], "LUN4": [["l", "w", "@n", "sil_phone", "@n", "n"], ["LUN"]], "GU2": [["c", "u"], ["GU"]], "NIAN1": [["n", "j", "En"], ["NIAN"]], "FONG1": [["f", "UN", "N"], ["FENG"]], "YIN9": [["j", "in"], ["YIN"]], "DI0": [["c", "7"], ["DI"]], "DEN1": [["c", "@n"], ["DENG"]], "CEN0": [["c", "@n", "n"], ["CENG"]], "SHU0": [["c", "r\\'", "u"], ["SHU"]], "GAO1": [["k", "AU^"], ["GAO"]], "TOU2": [["c", "oU^", "sil_phone", "oU^", "sil_phone", "oU^"], ["TOU"]], "NING1": [["n", "iN"], ["NING"]], "JIE1": [["c", "j", "E", "?", "E"], ["JIE"]], "WO1": [["w", "O"], ["WO"]], "WANG3": [["w", "AN", "sil_phone", "AN"], ["WANG"]], "RANG0": [["r\\'", "AN"], ["RANG"]], "XU0": [["c", "u"], ["XU"]], "LANG2": [["sil_phone", "AN"], ["LANG"]], "FANG2": [["c", "AN"], ["FANG"]], "TING0": [["c", "iN", "N"], ["TING"]], "CHAN1": [["c", "an", "sil_phone", "an", "sil_phone", "an", "sil_phone", "an"], ["CHAN"]], "XIAI1": [["c", "j", "E"], ["XIE"]], "YONG2": [["j", "UN"], ["YONG"]], "SHAO0": [["c", "AU^", "u"], ["SHAO"]], "KO0": [["c", "7"], ["KE"]], "QVO0": [["c", "H", "O", "i"], ["QUE"]], "YANG1": [["j", "AN"], ["YANG"]], "HUN1": [["x", "w", "@n"], ["HUN"]], "TI0": [["c", "i"], ["TI"]], "SHANG2": [["c", "AN", "N"], ["SHANG"]], "SHVE1": [["c", "y", "7"], ["SHUO"]], "QIAO0": [["c", "j", "AU^"], ["QIAO"]], "ME1": [["m", "@"], ["ME"]], "YUAN5": [["j", "w", "an", "sil_phone", "an"], ["YUAN"]], "YWAN2": [["y", "w", "an", "n"], ["YUAN"]], "KONG4": [["c", "UN", "N"], ["KONG"]], "FEN2": [["f", "@n", "sil_phone", "@n", "sil_phone", "@n", "n"], ["FEN"]], "JIAN3": [["c", "j"], ["JIAN"]], "FANG3": [["f", "AN", "sil_phone", "AN"], ["FANG"]], "SE2": [["c", "7"], ["SE"]], "QUAN1": [["c", "H", "an"], ["QUAN"]], "SHI1": [["c", "M"], ["SHI"]], "GUAI0": [["c", "w", "aI^", "i"], ["GUAI"]], "DANG2": [["c", "AN", "N"], ["DANG"]], "QU0": [["c", "y"], ["QU"]], "YIN10": [["in", "N"], ["YING"]], "YIN11": [["in", "sil_phone", "in", "sil_phone", "in", "sil_phone", "in"], ["YIN", "YING"]], "JUN2": [["c", "H", "@n", "n"], ["JUN"]], "MEN1": [["m", "7N", "N"], ["MEN"]], "BIN4": [["c", "in"], ["BING", "BIN"]], "SI3": [["c", "i"], ["XI", "SI"]], "BU1": [["c", "u", "sil_phone", "u", "sil_phone", "u", "sil_phone", "u", "sil_phone", "u"], ["BU"]], "CHEN2": [["c", "@n", "n"], ["CHEN", "CHENG"]], "GUO1": [["c", "w", "O"], ["GUO", "GE"]], "GUAN2": [["c", "w", "an"], ["GUAN"]], "WU0": [["w", "u"], ["WU"]], "QVO1": [["c", "w", "O"], ["QUE"]], "HU1": [["x", "u"], ["HU"]], "YI5": [["i", "sil_phone", "i"], ["YI"]], "RUO0": [["r\\'", "w", "O"], ["RUO"]], "LIU2": [["l", "j", "oU^", "sil_phone", "oU^"], ["LIU"]], "ZAN0": [["c", "an"], ["ZAN"]], "ZHEN2": [["c", "@n", "?", "@n", "?", "@n", "n"], ["ZHEN"]], "MENG2": [["c", "7N"], ["MENG"]], "YAN2": [["j", "@n", "n"], ["YAN"]], "ZHUO1": [["c", "w", "O"], ["ZHUO"]], "PI0": [["c", "i"], ["PI"]], "YONG3": [["j", "UN", "sil_phone", "UN"], ["YONG"]], "YAO2": [["j", "AU^", "sil_phone", "AU^", "sil_phone", "AU^", "sil_phone", "AU^", "u"], ["YAO"]], "SU0": [["c", "u"], ["SU"]], "HAI2": [["x", "aI^", "?", "aI^"], ["HAI"]], "JI1": [["c", "i"], ["JI"]], "MENG3": [["m", "7N", "sil_phone", "7N", "N"], ["MENG"]], "JIAI3": [["c", "j", "aI^", "i"], ["JIE"]], "MAI0": [["m", "aI^"], ["MAI"]], "KUN4": [["c", "u", "@n"], ["KUN"]], "DU1": [["c", "u"], ["DU"]], "KUANG0": [["k", "w", "AN"], ["KUANG"]], "ZHEN3": [["c", "@n", "n", "sil_phone", "@n", "n", "sil_phone", "@n", "?", "@n", "sil_phone", "@n", "sil_phone", "@n", "sil_phone", "@n", "sil_phone", "@n", "n"], ["ZHEN"]], "DAO2": [["c", "AU^", "?", "AU^", "sil_phone", "AU^", "sil_phone", "AU^", "?", "AU^"], ["DAO"]], "RI3": [["r\\'", "i"], ["RI"]], "WA0": [["w", "a", "7", "i"], ["WA"]], "ZHAO2": [["c", "AU^"], ["ZHAO"]], "SUN1": [["c", "w", "@n", "n"], ["SUN"]], "NUEI1": [["n", "w", "eI^", "i"], ["NEI"]], "JUN3": [["c", "yn", "sil_phone", "yn", "sil_phone", "yn"], ["JUN"]], "LAO6": [["l", "AU^", "sil_phone", "AU^", "sil_phone", "AU^", "sil_phone", "AU^"], ["LAO"]], "E7": [["w", "7"], ["E"]], "MO1": [["m", "@"], ["MO"]], "MIN4": [["m", "in", "sil_phone", "in", "n"], ["MING"]], "MIAO1": [["m", "j", "AU^"], ["MIAO"]], "YI6": [["j", "y"], ["YI"]], "YUE3": [["j", "H", "sil_phone", "H", "9"], ["YUE"]], "ROU0": [["r\\'", "oU^", "u"], ["ROU"]], "NIANG1": [["n", "j", "AN", "sil_phone", "AN", "?", "AN", "sil_phone", "AN", "sil_phone", "AN", "?", "AN", "?", "AN", "N"], ["NIANG"]], "YUN1": [["j", "yn", "sil_phone", "yn", "sil_phone", "yn", "sil_phone", "yn", "sil_phone", "yn"], ["YUN"]], "YOU3": [["j", "oU^", "sil_phone", "oU^", "u"], ["YOU"]], "FEI1": [["f", "eI^", "i"], ["FEI"]], "LIN2": [["l", "in", "sil_phone", "in", "sil_phone", "in", "sil_phone", "in"], ["LIN"]], "QUE2": [["c", "H", "9"], ["QUE"]], "DING1": [["c", "iN"], ["DING"]], "FEN3": [["c", "@n"], ["FEN"]], "DAO3": [["c", "AU^", "sil_phone", "AU^"], ["DAO"]], "HUA5": [["x", "w", "a", "sil_phone", "a", "sil_phone", "a"], ["HUA"]], "GO1": [["k", "O"], ["GE"]], "ZHUAN1": [["c", "w", "an", "sil_phone", "an", "n"], ["ZHUAN"]], "GUO2": [["k", "w", "o"], ["GE"]], "NI0": [["n", "i"], ["NI"]], "LIAO5": [["l", "j", "AU^", "u"], ["LIAO"]], "HAI3": [["x", "aI^", "i"], ["HAI"]], "XIAN4": [["c", "j", "an", "n"], ["XIAN"]], "YUAN6": [["j", "H", "En", "n"], ["YUAN"]], "TIN3": [["c", "iN", "N"], ["TING"]], "DI1": [["c", "@"], ["DI"]], "HAI4": [["x", "aI^"], ["HAI"]], "HO2": [["x", "w", "O"], ["HE"]], "DE1": [["c", "i"], ["DE"]], "YIN12": [["j", "in", "sil_phone", "in", "sil_phone", "in", "sil_phone", "in", "n"], ["YING"]], "LUN5": [["l", "w", "@n", "sil_phone", "@n", "sil_phone", "@n", "n"], ["LUN"]], "LAO7": [["l", "AU^", "sil_phone", "AU^", "sil_phone", "AU^", "sil_phone", "AU^", "sil_phone", "AU^"], ["LAO"]], "NIN0": [["n", "in"], ["NING"]], "WU1": [["u"], ["WU"]], "ZUI1": [["c", "w", "eI^", "sil_phone", "eI^", "i"], ["ZUI"]], "KOU3": [["c", "oU^", "u"], ["KOU"]], "YU3": [["j", "y", "?", "y", "sil_phone", "y"], ["YU"]], "WEI0": [["w", "eI^", "i"], ["WEI"]], "JIANG1": [["c", "j", "a", "AN", "N"], ["JIANG"]], "LAN1": [["l", "an"], ["LAN"]], "HAI5": [["x", "aI^", "sil_phone", "aI^", "sil_phone", "aI^", "sil_phone", "aI^", "sil_phone", "aI^", "sil_phone", "aI^", "i"], ["HAI"]], "ER0": [["@", "?", "@", "r\\'"], ["ER"]], "FONG2": [["f", "UN"], ["FENG"]], "TOU3": [["c", "oU^", "sil_phone", "oU^", "u"], ["TOU"]], "NE3": [["n", "7", "?", "7", "i"], ["NE"]], "ZHE1": [["c", "7", "?", "7"], ["ZHE"]], "NGAI1": [["N", "aI^"], ["AI"]], "CUN1": [["c", "w", "@n"], ["CUN"]], "MONG3": [["m", "UN", "N"], ["MENG"]], "SHUAN0": [["c", "w", "an", "n"], ["SHUAN"]], "NAN2": [["n", "an"], ["NAN"]], "ZHANG3": [["c", "an"], ["ZHANG"]], "JIE2": [["c", "j", "E"], ["JIE"]], "ONG0": [["UN", "O", "x", "O", "sil_phone", "O", "sil_phone", "O", "?", "O", "sil_phone", "O", "sil_phone", "O"], ["ONG"]], "SHI2": [["c", "1"], ["SHI"]], "ZHOU0": [["c", "oU^"], ["ZHOU"]], "AO0": [["AU^"], ["AO"]], "CHANG4": [["c", "AN", "N"], ["CHANG"]], "GUO3": [["k", "w", "?", "O"], ["GUO"]], "NU2": [["n", "u", "sil_phone", "u"], ["NU"]], "JIU1": [["c", "j", "oU^", "sil_phone", "oU^", "sil_phone", "oU^", "sil_phone", "oU^", "sil_phone", "oU^"], ["JIU"]], "KONG5": [["c", "UN", "sil_phone", "UN", "N"], ["KONG"]], "EN1": [["@n", "n"], ["EN"]], "HUI1": [["x", "w", "eI^", "i"], ["HUI"]], "SHU1": [["c", "u"], ["SHU"]], "KAI0": [["c", "aI^", "i"], ["KAI"]], "WANG4": [["w", "AN"], ["WANG"]], "JUN4": [["c", "yn", "sil_phone", "yn"], ["JUN"]], "CHUAN0": [["c", "w", "an", "n"], ["CHUAN"]], "DI2": [["c", "i"], ["DI"]], "QIAO1": [["c", "j", "AU^", "u"], ["QIAO"]], "WEI1": [["w", "eI^"], ["WEI"]], "LUAN1": [["l", "w", "an", "n"], ["LUAN"]], "YOU4": [["j", "oU^", "N"], ["YOU"]], "YAN3": [["j", "@n"], ["YAN"]], "WU2": [["u", "sil_phone", "u"], ["WU"]], "KAI1": [["c", "aI^"], ["KAI"]], "PEN1": [["c", "@n", "n"], ["PEN"]], "CENG1": [["c", "7N"], ["CENG"]], "TUI1": [["c", "w", "eI^"], ["TUI"]], "LAI2": [["l", "aI^"], ["LAI"]], "FEN4": [["f", "En", "n"], ["FEN"]], "FU3": [["f", "u"], ["FU"]], "TIN4": [["c", "in", "N"], ["TING"]], "JIAN4": [["c", "y", "En", "n"], ["JIAN"]], "ZHRE0": [["c", "7"], ["ZHE"]], "XIANG1": [["c", "j", "AN", "?", "AN"], ["XIANG"]], "FENG3": [["f", "@n"], ["FENG"]], "HUAI3": [["x", "w", "a", "?", "aI^", "i"], ["HUAI"]], "GUAI1": [["k", "w", "aI^"], ["GUAI"]], "HUO0": [["x", "O"], ["HUO"]], "GAN4": [["k", "an", "n"], ["GAN"]], "JIAN5": [["c", "j", "?", "En", "n"], ["JIAN"]], "JIU2": [["c", "j", "oU^"], ["JIU"]], "SHEN5": [["c", "7N", "N"], ["SHENG"]], "YUN2": [["j", "yn"], ["YUN"]], "JING2": [["c", "in", "n"], ["JING"]], "JIAN6": [["c", "j", "En", "sil_phone", "En", "sil_phone", "En", "sil_phone", "En"], ["JIAN"]], "DENG0": [["c", "7N"], ["DENG"]], "BAI4": [["c", "aI^", "i"], ["BAI"]], "XIE3": [["c", "j", "E", "sil_phone", "E"], ["XIE"]], "HUAI4": [["x", "w", "aI^", "i"], ["HUAI"]], "BING0": [["c", "iN"], ["BING"]], "FENG4": [["f", "7N", "N"], ["FENG"]], "TAO0": [["c", "AU^"], ["TAO"]], "GAN5": [["c", "an"], ["GAN"]], "DANG3": [["c", "AN"], ["DANG"]], "SHUI4": [["c", "w", "eI^", "sil_phone", "eI^", "i"], ["SHUI"]], "NENG3": [["n", "7N", "sil_phone", "7N", "N"], ["NENG"]], "CENG2": [["c", "7N", "sil_phone", "7N", "N"], ["CENG"]], "BU2": [["c", "u", "sil_phone", "u", "sil_phone", "u", "sil_phone", "u", "sil_phone", "u", "u"], ["BU"]], "JIANG2": [["c", "j", "AN", "sil_phone", "AN", "N"], ["JIANG"]], "DE2": [["c", "7"], ["DE"]], "DOU1": [["c", "oU^", "u"], ["DOU"]], "NGO1": [["w", "O"], ["WO"]], "ZEN0": [["c", "@n", "n"], ["ZHENG", "ZENG", "ZEN"]], "CUI0": [["c", "w", "i"], ["CUI"]], "GUAN3": [["c", "w", "an", "n"], ["GUAN"]], "JUN5": [["c", "yn", "n"], ["JUN"]], "LUEI0": [["l", "w", "eI^", "sil_phone", "eI^", "i"], ["LEI"]], "HONG2": [["x", "UN", "N"], ["HONG"]], "ZHAN0": [["c", "an", "n"], ["ZHAN"]], "SA0": [["c", "a"], ["SA"]], "BU3": [["c", "u", "sil_phone", "u"], ["BU"]], "FI1": [["f", "i"], ["FEI"]], "MING1": [["m", "iN", "N"], ["MING"]], "YU4": [["j", "y"], ["YU"]], "NGO2": [["N", "w", "O"], ["WO"]], "CANG1": [["c", "AN", "N"], ["CANG"]], "MONG4": [["m", "UN", "sil_phone", "UN", "N"], ["MENG"]], "YWAN3": [["j", "w", "an", "n"], ["YUAN"]], "KU0": [["c", "u"], ["KU"]], "NIN1": [["n", "in", "n"], ["NING"]], "SHI3": [["c", "i"], ["SHI"]], "CHEN3": [["c", "@n", "N"], ["CHENG"]], "FAN1": [["f", "an"], ["FAN"]], "ROU1": [["r\\'", "oU^"], ["ROU"]], "DANG4": [["c", "AN", "sil_phone", "AN", "N"], ["DANG"]], "DIE0": [["c", "j", "E"], ["DIE"]], "ZAI1": [["c", "aI^", "i"], ["ZAI"]], "TU0": [["c", "u"], ["TU"]], "LING1": [["l", "iN", "N"], ["LING"]], "QI4": [["c", "1", "sil_phone", "1"], ["QI"]], "BAO1": [["c", "AU^", "u"], ["BAO"]], "PENG0": [["c", "7N"], ["PENG"]], "ZHUI1": [["c", "w", "eI^", "i"], ["ZHUI"]], "WANG5": [["w", "an"], ["WANG"]], "ZEN1": [["c", "@n", "sil_phone", "@n"], ["ZENG"]], "ZUO1": [["c", "w", "O"], ["ZUO"]], "SIU1": [["c", "j", "oU^", "u"], ["XIU"]], "HO3": [["x", "O", "a"], ["HE"]], "CEN1": [["c", "@n"], ["CENG"]], "HU2": [["n", "u"], ["HU"]], "ZHONG3": [["c", "UN", "sil_phone", "UN", "sil_phone", "UN", "N"], ["ZHONG"]], "ZHI1": [["c", "1"], ["ZHI", "ZHU"]], "HUA6": [["x", "w", "a", "?", "a", "sil_phone", "a"], ["HUA"]], "REN1": [["r\\'", "@n", "sil_phone", "@n", "n"], ["REN"]], "CHU2": [["c", "u", "sil_phone", "u", "sil_phone", "u"], ["CHU"]], "JIAN7": [["c", "j", "En"], ["JIAN"]], "QIN4": [["c", "in"], ["QING", "QIN"]], "NENG4": [["n", "7N", "sil_phone", "7N", "sil_phone", "7N", "N"], ["NENG"]], "FEN5": [["f", "@n", "sil_phone", "@n", "sil_phone", "@n"], ["FEN"]], "DAO4": [["c", "AU^", "sil_phone", "AU^", "sil_phone", "AU^"], ["DAO"]], "SUO1": [["c", "w", "O", "sil_phone", "O"], ["SUO"]], "SUI2": [["c", "w", "eI^", "i"], ["SUI"]], "SHUI5": [["c", "w", "eI^", "i"], ["SHUI"]], "TUN2": [["c", "w", "@n"], ["TUN"]], "PAI0": [["c", "aI^", "sil_phone", "aI^", "i"], ["PAI"]], "XIN4": [["c", "in", "sil_phone", "in"], ["XIN"]], "XIANG2": [["c", "j", "AU^", "N"], ["XIANG"]], "ZAI2": [["c", "aI^"], ["ZAI"]], "YAN4": [["j", "En", "sil_phone", "En", "n"], ["YAN"]], "LUEI1": [["l", "w", "eI^", "i"], ["LEI"]], "LIU3": [["l", "H", "oU^"], ["LIU"]], "KUA1": [["k", "w", "a"], ["KUA"]], "QIE2": [["c", "E"], ["QIE"]], "GONG2": [["c", "UN"], ["GONG"]], "YUAN7": [["j", "H", "an", "sil_phone", "an"], ["YUAN"]], "HUA7": [["c", "w", "a", "r\\'"], ["HUA"]], "HUA8": [["x", "w", "?", "a", "?", "a"], ["HUA"]], "PONG1": [["c", "UN"], ["PENG"]], "AI0": [["aI^", "i"], ["AI"]], "DA1": [["c", "a", "sil_phone", "a"], ["DA"]], "ZI3": [["c", "i"], ["ZI"]], "ZHUO2": [["c", "7"], ["ZHUO"]], "BEI1": [["c", "eI^"], ["BEI"]], "LAO8": [["l", "AU^", "sil_phone", "AU^", "sil_phone", "AU^", "sil_phone", "AU^", "sil_phone", "AU^", "sil_phone", "AU^", "sil_phone", "AU^", "sil_phone", "AU^", "sil_phone", "AU^", "sil_phone", "AU^"], ["LAO"]], "XING2": [["c", "iN"], ["XING"]], "XUAN0": [["c", "w", "an", "n"], ["XUAN"]], "RI4": [["r\\'", "M"], ["RI"]], "NIANG2": [["n", "j", "AN"], ["NIANG"]], "SIANG0": [["c", "j", "?", "AN"], ["XIANG"]], "NAN3": [["n", "an", "sil_phone", "an"], ["NAN"]], "ZAO0": [["c", "AU^", "sil_phone", "AU^", "u"], ["ZAO"]], "MIAO2": [["m", "j", "AU^", "sil_phone", "AU^"], ["MIAO"]], "TIN5": [["c", "in"], ["TING"]], "JIAO0": [["c", "j", "AU^"], ["JIAO"]], "A5": [["a", "?", "a", "?", "a", "sil_phone", "a", "sil_phone", "a", "sil_phone", "a", "sil_phone", "a", "sil_phone", "a"], ["A"]], "GEN1": [["k", "@n", "n"], ["GEN"]], "PAO0": [["c", "AU^", "u"], ["PAO"]], "SHUA0": [["c", "w", "a"], ["SHUA"]], "GAO2": [["k", "AU^", "sil_phone", "AU^", "u"], ["GAO"]], "DAI2": [["c", "aI^", "sil_phone", "aI^", "i"], ["DAI"]], "DI3": [["c", "1"], ["DI"]], "CHE0": [["c", "7"], ["CHE"]], "QUN1": [["c", "yn", "n"], ["QUN"]], "COU0": [["c", "oU^"], ["COU"]], "BI1": [["c", "i", "sil_phone", "i", "sil_phone", "i"], ["BI"]], "KONG6": [["c", "UN", "sil_phone", "UN", "sil_phone", "UN", "sil_phone", "UN", "N"], ["KONG"]], "XIANG3": [["x", "j", "AN", "N"], ["XIANG"]], "MU1": [["m", "u", "?", "u", "?", "u"], ["MU"]], "NIU0": [["n", "j", "oU^", "u"], ["NIU"]], "HA0": [["x", "a"], ["HA"]], "GAI1": [["k", "aI^"], ["GAI"]], "DAN0": [["c", "a"], ["DAN"]], "JUAN2": [["c", "H", "an", "n"], ["JUAN"]], "ZEN2": [["c", "@n"], ["ZENG", "ZEN"]], "QIANG0": [["c", "j", "AN", "N"], ["QIANG"]], "DAO5": [["c", "AU^"], ["DAO"]], "JIA2": [["c", "j", "a", "sil_phone", "a", "sil_phone", "a"], ["JIA"]], "BAN2": [["c", "an", "n"], ["BAN"]], "ZAO1": [["c", "AU^", "u"], ["ZAO"]], "JIANG3": [["c", "j", "AN", "N"], ["JIANG"]], "GOU2": [["k", "oU^", "u"], ["GOU"]], "JING3": [["c", "iN"], ["JING"]], "BING1": [["c", "iN", "sil_phone", "iN", "sil_phone", "iN"], ["BING"]], "TIN6": [["c", "in", "n"], ["TING"]], "BU4": [["c", "u", "sil_phone", "u", "sil_phone", "u", "sil_phone", "u", "sil_phone", "u", "sil_phone", "u"], ["BU"]], "A6": [["?", "a"], ["A"]], "JIAO1": [["c", "AU^"], ["JIAO"]], "GEN2": [["c", "@n"], ["GEN"]], "DE3": [["c", "@"], ["DE"]], "SHOU1": [["c", "oU^", "u"], ["SHOU"]], "E8": [["n", "7"], ["E"]], "SHI4": [["c", "1", "?", "1"], ["SHI"]], "DAN1": [["c", "an", "n"], ["DAN"]], "LIAO6": [["l", "j", "AU^"], ["LIAO"]], "YA2": [["j", "a"], ["YA"]], "MIAN2": [["m", "j", "En"], ["MIAN"]], "NEN2": [["n", "@n"], ["NENG"]], "HO4": [["x", "7"], ["HE"]], "LAO9": [["c", "AU^"], ["LAO"]], "XIAI2": [["c", "j", "aI^", "i"], ["HAI"]], "ZHUANG0": [["c", "w", "AN", "N"], ["ZHUANG"]], "GUI4": [["c", "w", "eI^", "i"], ["GUI"]], "ZHANG4": [["c", "AN", "sil_phone", "AN", "N"], ["ZHANG"]], "LIN3": [["l", "in"], ["LIN", "LING"]], "CHUAN1": [["c", "w", "an"], ["CHUAN"]], "CA0": [["c", "a"], ["CA"]], "PA0": [["c", "a"], ["PA"]], "YONG4": [["j", "UN", "sil_phone", "UN", "sil_phone", "UN", "sil_phone", "UN", "N"], ["YONG"]], "GAO3": [["c", "AU^"], ["GAO"]], "QIAN3": [["c", "j", "En", "sil_phone", "En"], ["QIAN"]], "PO2": [["c", "O"], ["PO"]], "XIAN5": [["c", "j", "En", "sil_phone", "E", "?", "E", "sil_phone", "E", "sil_phone", "E", "sil_phone", "E", "sil_phone", "E", "?", "E"], ["XIAN"]], "DEN2": [["c", "@n", "N"], ["DENG"]], "LONG1": [["l", "UN"], ["LONG"]], "CAI1": [["c", "aI^", "i"], ["CAI"]], "LIAN3": [["l", "j", "@n"], ["LIAN"]], "YUN3": [["yn", "n"], ["YUN"]], "YAN5": [["j", "an", "n"], ["YAN"]], "DIN1": [["c", "in", "n"], ["DING"]], "TONG0": [["c", "UN"], ["TONG"]], "YU5": [["j", "y", "sil_phone", "y", "sil_phone", "y", "sil_phone", "y"], ["YU"]], "BA2": [["c", "a", "?", "a"], ["BA"]], "HOU3": [["x", "oU^"], ["HOU"]], "WA1": [["w", "a", "7"], ["WA"]], "XIAI3": [["c", "j", "a", "aI^", "i"], ["HAI"]], "SHOU2": [["c", "oU^", "N"], ["SHOU"]], "PENG1": [["c", "7N", "N"], ["PENG"]], "KUAN0": [["c", "w", "an"], ["KUAN"]], "NAI2": [["n", "aI^"], ["NAI"]], "JIAN8": [["c", "j", "?", "E"], ["JIAN"]], "HAO3": [["x", "AU^", "u"], ["HAO"]], "NUO2": [["n", "w", "O"], ["NA"]], "YAN6": [["j", "En", "n"], ["YAN"]], "JIAO2": [["c", "j", "AU^", "u"], ["JIAO"]], "JIN7": [["c", "iN", "N"], ["JIN"]], "O0": [["O"], ["O"]], "MAI1": [["m", "aI^", "i"], ["MAI"]], "YAO3": [["j", "AU^", "u"], ["YAO"]], "PAI1": [["c", "aI^"], ["PAI"]], "RE0": [["r\\'", "7"], ["RE"]], "YIN13": [["in", "sil_phone", "in", "sil_phone", "in", "sil_phone", "in", "sil_phone", "in"], ["YING"]], "ZHAN1": [["c", "an"], ["ZHAN", "ZHANG"]], "QU1": [["c", "u"], ["QU"]], "YIN14": [["j", "iN", "N"], ["YIN"]], "LIE0": [["l", "j", "E"], ["LIE"]], "ZAI3": [["c", "aI^", "sil_phone"], ["ZAI"]], "SIN1": [["c", "in", "n"], ["XIN"]], "YUAN8": [["j", "w", "an", "sil_phone", "an", "n"], ["YUAN"]], "ZI4": [["c", "a"], ["ZI"]], "XU1": [["c", "y"], ["XU"]], "SHAN1": [["c", "an", "n"], ["SHAN"]], "HUA9": [["x", "u", "a"], ["HUA"]], "DENG1": [["c", "7N", "N"], ["DENG"]], "TING1": [["c", "iN"], ["TING"]], "ZHAI0": [["c", "aI^", "i"], ["ZHAI"]], "BIN5": [["c", "in", "sil_phone", "in", "sil_phone", "in"], ["BING"]], "YOU5": [["j", "oU^", "sil_phone", "oU^"], ["YOU"]], "BIE0": [["c", "j", "E"], ["BIE"]], "ZHENG0": [["c", "7N", "N"], ["ZHENG"]], "FU4": [["f", "u", "sil_phone", "u", "sil_phone", "u"], ["FU"]], "JI2": [["1"], ["JI"]], "HUO1": [["x", "w", "O"], ["HUO"]], "PAO1": [["c", "AU^"], ["PAO"]], "GO2": [["k", "w", "O"], ["GE"]], "SIANG1": [["c", "j", "AN"], ["XIANG"]], "SHRU1": [["c", "r\\'", "y"], ["SHU"]], "LIN4": [["l", "iN"], ["LING"]], "RI5": [["c", "i"], ["RI"]], "CHU3": [["c", "y"], ["CHU"]], "QIAN4": [["c", "j", "?", "En"], ["QIAN"]], "GUAN4": [["c", "w", "AN", "N"], ["GUAN"]], "CI1": [["c", "M"], ["CI"]], "XIAO1": [["c", "j", "7N"], ["XIAO"]], "NAO1": [["n", "AU^", "u"], ["NAO"]], "ZOU1": [["c", "oU^", "u"], ["ZOU"]], "BAI5": [["c", "aI^", "sil_phone", "aI^", "?", "aI^", "sil_phone", "aI^", "i"], ["BAI"]], "CUN2": [["c", "w", "@n", "sil_phone", "@n", "?", "@n", "?", "@n", "sil_phone", "@n", "sil_phone", "@n", "sil_phone", "@n", "sil_phone", "@n"], ["CUN"]], "DUI1": [["c", "w", "eI^", "i"], ["DUI"]], "XIANG4": [["c", "j", "AN"], ["XIANG"]], "SAN3": [["c", "an", "n"], ["SAN"]], "HWAI0": [["x", "w", "an"], ["HUAI"]], "MEI1": [["m", "eI^", "i"], ["MEI"]], "XIN5": [["c", "in"], ["XING", "XIN"]], "JIU3": [["j", "j", "oU^", "u"], ["JIU"]], "RE1": [["r\\'", "@"], ["RE"]], "FO0": [["f", "o"], ["FO"]], "ZHV2": [["c", "y"], ["ZHU"]], "QIAN5": [["c", "j", "En", "n"], ["QIAN"]], "YWAN4": [["j", "w", "an", "sil_phone", "an"], ["YUAN"]], "CU1": [["c", "u"], ["CHU", "CU"]], "KO1": [["c", "O"], ["KE"]], "LIAN4": [["l", "j", "En", "n"], ["LIAN"]], "YUE4": [["j", "H", "E"], ["YUE"]], "LIANG2": [["l", "AN", "N"], ["LIANG"]], "QIU1": [["c", "j", "oU^", "u"], ["QIU"]], "DUAN2": [["n"], ["DUAN"]], "SHANG3": [["c", "AN"], ["SHANG"]], "LENG0": [["l", "7N", "N"], ["LENG"]], "BIAN1": [["c", "j", "En", "sil_phone", "En", "n"], ["BIAN"]], "KUN5": [["c", "w", "@n"], ["KUN"]], "A7": [["a", "sil_phone", "a", "sil_phone", "a"], ["A"]], "TOU4": [["c", "oU^", "sil_phone", "oU^", "sil_phone", "oU^", "u"], ["TOU"]], "ME2": [["m", "7"], ["MAI", "ME"]], "XIN6": [["c", "in", "sil_phone", "in", "sil_phone", "in"], ["XIN"]], "SIN2": [["c", "in"], ["XING", "XIN"]], "BIAO1": [["c", "j", "AU^", "u"], ["BIAO"]], "ZHA0": [["c", "a"], ["ZHA"]], "BAI6": [["c", "aI^", "sil_phone", "aI^", "i"], ["BAI"]], "SHV0": [["c", "y"], ["SHU"]], "ZHEN4": [["c", "@n", "n"], ["ZHEN", "ZHENG"]], "YUAN9": [["j", "H", "En"], ["YUAN"]], "DAN2": [["c", "an"], ["DAN"]], "HUANG2": [["x", "w", "AN", "N"], ["HUANG"]], "SHOU3": [["c", "oU^", "?", "oU^", "?", "oU^"], ["SHOU"]], "BU5": [["c", "u"], ["BU"]], "YAN7": [["c", "an", "n"], ["YAN"]], "TIE0": [["c", "j", "E"], ["TIE"]], "ZHRI0": [["c", "i"], ["ZHI"]], "JI3": [["j", "i"], ["JI"]], "RI6": [["r\\'", "i", "?", "i"], ["RI"]], "DIN2": [["c", "in", "N"], ["DING"]], "ZHUANG1": [["c", "w", "AN"], ["ZHUANG"]], "SHUANG2": [["c", "w", "AN"], ["SHUANG"]], "ZHU0": [["c", "y"], ["ZHU"]], "LOU0": [["l", "oU^", "u"], ["LOU"]], "DUO0": [["c", "w", "O"], ["DUO"]], "XUE3": [["c", "E"], ["XUE"]], "TONG1": [["c", "UN", "N"], ["TONG"]], "NENG5": [["n", "7N", "sil_phone", "7N"], ["NENG"]], "PIN2": [["c", "in"], ["PING"]], "DIE1": [["c", "E"], ["DIE"]], "CHRU0": [["c", "r\\'", "y"], ["CHU"]], "SHA1": [["c", "a", "sil_phone", "a", "sil_phone", "a"], ["SHA"]], "GUAN5": [["k", "w", "an", "n"], ["GUAN"]], "KUANG1": [["c", "w", "AN"], ["KUANG"]], "MEN2": [["m", "@n", "n"], ["MEN"]], "QIN5": [["c", "in", "sil_phone", "in", "sil_phone", "in", "n"], ["QING", "QIN"]], "GO3": [["k", "O", "sil_phone", "O"], ["GE"]], "QIONG1": [["c", "j", "UN"], ["QIONG"]], "AO1": [["AU^", "u"], ["AO"]], "FANG4": [["f", "AN", "N"], ["FANG"]], "YAO4": [["j", "AU^", "sil_phone", "AU^"], ["YAO"]], "ZHONG4": [["c", "UN", "sil_phone", "UN", "N"], ["ZHONG"]], "DUAN3": [["c", "w", "an"], ["DUAN"]], "FAN2": [["f", "an", "n"], ["FAN"]], "BING2": [["c", "iN", "N"], ["BING"]], "YAO5": [["j", "AU^", "sil_phone", "AU^", "u"], ["YAO"]], "SIANG2": [["c", "j", "AN", "N"], ["XIANG"]], "ZU0": [["c", "u"], ["ZU"]], "GUI5": [["k", "O", "eI^", "?", "eI^", "sil_phone", "eI^", "i"], ["GUI"]], "HAO4": [["x", "AU^", "sil_phone", "AU^", "u"], ["HAO"]], "WA2": [["w", "a"], ["WA"]], "GUANG2": [["k", "w", "AN"], ["GUANG"]], "JU0": [["c", "y"], ["JU"]], "LIAO7": [["l", "y", "AU^", "u"], ["LIAO"]], "CHOU4": [["c", "oU^", "sil_phone", "oU^"], ["CHOU"]], "ZHONG5": [["c", "UN", "sil_phone", "UN", "sil_phone", "UN", "sil_phone", "UN"], ["ZHONG"]], "CHRU1": [["c", "r\\'", "u"], ["CHU"]], "GUA1": [["c", "w", "a"], ["GUA"]], "YUAN10": [["j", "y", "n"], ["YUAN"]], "PAN0": [["c", "an", "n"], ["PAN"]], "JIAN9": [["c", "j", "En", "sil_phone", "En", "sil_phone", "En", "sil_phone", "En", "n"], ["JIAN"]], "GUO4": [["k", "w", "O"], ["GUO", "GE"]], "YAO6": [["j", "AU^", "sil_phone", "AU^", "sil_phone", "AU^"], ["YAO"]], "MEN3": [["m", "@n"], ["MENG", "MEN"]], "ER1": [["@", "r\\'"], ["ER"]], "DEN3": [["c", "@n", "n"], ["DENG"]], "MIN5": [["m", "in", "n"], ["MIN", "MING"]], "SHEN6": [["c", "@n", "n"], ["SHEN", "SHENG"]], "XIA0": [["c", "j", "a"], ["XIA"]], "CAI2": [["c", "aI^"], ["CAI"]], "JIU4": [["c", "j", "oU^", "sil_phone", "oU^", "sil_phone", "oU^"], ["JIU"]], "XUE4": [["c", "H", "E"], ["XUE"]], "JIN8": [["c", "in", "?", "in"], ["JING"]], "JI4": [["c", "i", "sil_phone", "i", "?", "i", "sil_phone", "i", "sil_phone", "i", "?", "i"], ["JI"]], "YAN8": [["j", "?", "En"], ["YAN"]], "ZHONG6": [["c", "UN", "N"], ["ZHONG"]], "FONG3": [["f", "7N", "N"], ["FENG"]], "HUA10": [["x", "w", "a", "r\\'"], ["HUA"]], "RE2": [["7"], ["RE"]], "TU1": [["c", "u", "sil_phone", "u"], ["TU"]], "BEI2": [["c", "eI^", "i"], ["BEI"]], "CHUN0": [["c", "u", "@n", "n"], ["CHUN"]], "QIA1": [["c", "j", "a", "sil_phone", "a", "sil_phone", "a"], ["QIA"]], "YAO7": [["j", "AU^", "sil_phone", "AU^", "sil_phone", "AU^", "sil_phone", "AU^"], ["YAO"]], "CHRV0": [["c", "y"], ["CHU"]], "SHA2": [["c", "a"], ["SHA"]], "NA2": [["c", "a"], ["NA"]], "HAI6": [["x", "aI^", "sil_phone", "aI^", "sil_phone", "aI^", "sil_phone", "aI^", "sil_phone", "aI^", "i"], ["HAI"]], "DIAN3": [["c", "j"], ["DIAN"]], "SIAO1": [["c", "j", "AU^"], ["XIAO"]], "DE4": [["c", "E"], ["DE"]], "SI4": [["x", "i"], ["SI"]], "LUEI2": [["l", "w", "eI^"], ["LEI"]], "YIN15": [["in", "sil_phone", "in", "sil_phone", "in"], ["YIN"]], "MO2": [["m", "O", "sil_phone", "O"], ["MO", "ME"]], "BENG0": [["c", "7N", "N"], ["BENG"]], "KUANG2": [["c", "w", "AN", "N"], ["KUANG"]], "E9": [["7"], ["E"]], "CENG3": [["c", "7N", "sil_phone", "7N"], ["CENG"]], "KUI0": [["c", "w", "eI^", "i"], ["KUI"]], "CHAI3": [["c", "aI^", "i"], ["CHAI"]], "HOU4": [["x", "oU^", "u"], ["HOU"]], "TOU5": [["c", "oU^", "sil_phone", "oU^"], ["TOU"]], "BO0": [["c", "O"], ["BO"]], "FEN6": [["f", "@n", "sil_phone", "@n", "n"], ["FEN"]], "SI5": [["c", "M", "?"], ["SI"]], "RAN1": [["r\\'", "an"], ["RAN"]], "KUANG3": [["c", "UN", "AN"], ["KUANG"]], "CHAO1": [["c", "AU^", "u"], ["CHAO"]], "JIU5": [["c", "j", "oU^", "u"], ["JIU"]], "XIAO2": [["c", "j", "AU^"], ["XIAO"]], "HOU5": [["c", "oU^", "N"], ["HOU"]], "LIAN5": [["l", "j", "En"], ["LIAN"]], "LAI3": [["l", "aI^", "sil_phone", "aI^", "?", "aI^", "sil_phone", "aI^", "sil_phone", "aI^", "i"], ["LAI"]], "TUAN1": [["c", "w", "an"], ["TUAN"]], "GONG3": [["k", "UN", "N"], ["GONG"]], "JIAN10": [["c", "j", "En", "sil_phone", "En"], ["JIAN"]], "GE3": [["k", "O"], ["GE"]], "SHUO0": [["c", "w", "O"], ["SHUO"]], "YU6": [["y", "sil_phone", "y"], ["YU"]], "ZI5": [["c", "a", "sil_phone"], ["ZI"]], "WE0": [["w", "7"], ["WE"]], "YING3": [["j", "iN", "N"], ["YING"]], "CHAI4": [["c", "aI^", "sil_phone", "aI^"], ["CHAI"]], "HANG0": [["x", "AN", "sil_phone", "AN", "sil_phone", "AN", "sil_phone", "AN", "sil_phone", "AN", "N"], ["HANG"]], "TIAN2": [["c", "j", "En"], ["TIAN"]], "SHUN0": [["c", "w", "@n", "n"], ["SHUN"]], "DAI3": [["c", "aI^", "i"], ["DAI"]], "LIN5": [["l", "iN", "N"], ["LIN"]], "ZHUAN2": [["c", "w", "an"], ["ZHUAN"]], "HOU6": [["c", "oU^"], ["HOU"]], "TENG1": [["c", "7N", "sil_phone", "7N", "N"], ["TENG"]], "YOU6": [["j", "oU^", "u"], ["YOU"]], "JIAN11": [["c", "j", "En", "sil_phone"], ["JIAN"]], "HUAI5": [["c", "w", "aI^", "sil_phone", "aI^", "i"], ["HUAI"]], "E10": [["@"], ["E"]], "BIAN2": [["c", "j", "En", "n"], ["BIAN"]], "ZHU1": [["c", "u"], ["ZHU"]], "BIE1": [["c", "j", "?", "E"], ["BIE"]], "RI7": [["r\\'", "i", "sil_phone", "i"], ["RI"]], "E11": [["7", "sil_phone", "7", "?", "7"], ["E"]], "NONG0": [["n", "UN", "N"], ["NONG"]], "ZHEN5": [["c", "7N", "N"], ["ZHENG"]], "CHUANG4": [["c", "w", "AN", "sil_phone", "AN"], ["CHUANG"]], "XING3": [["c", "iN", "N"], ["XING"]], "REN2": [["r\\'", "@n"], ["REN"]], "SUI3": [["c", "w", "eI^"], ["SUI"]], "NIANG3": [["n", "j"], ["NIANG"]], "NEN3": [["n", "@n", "n"], ["NENG"]], "HAO5": [["c", "AU^", "u"], ["HAO"]], "DIAO0": [["c", "j", "AU^", "N"], ["DIAO"]], "ZAO2": [["c", "AU^"], ["ZAO"]], "ZA0": [["c", "a"], ["ZA"]], "YIN16": [["in", "sil_phone", "in"], ["YIN"]], "ZHRI1": [["c", "1"], ["ZHI"]], "JIN9": [["c", "in", "sil_phone", "in", "sil_phone", "in", "n"], ["JIN"]], "TAO1": [["c", "AU^", "u"], ["TAO"]], "WA3": [["w", "a", "?", "a", "?", "a", "?", "a"], ["WA"]], "GAN6": [["k", "an", "sil_phone", "an", "sil_phone", "an", "sil_phone", "an", "an"], ["GAN"]], "ZHOU1": [["c", "oU^", "u"], ["ZHOU"]], "LONG2": [["l", "UN", "N"], ["LONG"]], "YUN4": [["j", "yn", "n"], ["YUN"]], "ZHANG5": [["c", "AN"], ["ZHANG"]], "TOU6": [["c", "oU^"], ["TOU"]], "BA3": [["c", "a"], ["BA"]], "GAO4": [["k", "AU^", "?", "AU^", "u"], ["GAO"]], "PAI2": [["c", "aI^", "i"], ["PAI"]], "AN0": [["an", "sil_phone", "an", "n"], ["AN"]], "QI5": [["c", "i"], ["QI"]], "MOU0": [["m", "oU^", "u"], ["MOU"]], "YIN17": [["in", "sil_phone", "in", "sil_phone", "in", "n"], ["YIN"]], "ZHUN2": [["c", "w", "@n"], ["ZHUN"]], "CENG4": [["c", "7N", "N"], ["CENG"]], "BE1": [["c", "@"], ["BAI", "BEI"]], "DIAO1": [["c", "j", "AU^"], ["DIAO"]], "SHENG1": [["c", "7N", "N"], ["SHENG"]], "MOU1": [["m", "oU^"], ["MOU"]], "SUN2": [["c", "w", "@n"], ["SUN"]], "SHOU4": [["c", "oU^"], ["SHOU"]], "ZE1": [["c", "7", "x", "7"], ["ZE"]], "E12": [["7", "sil_phone", "7", "sil_phone", "7"], ["E"]], "A8": [["u"], ["A"]], "SHUAI0": [["c", "w", "aI^", "i"], ["SHUAI"]], "SHI5": [["c", "1", "sil_phone", "1"], ["SHI"]], "CAN0": [["c", "an", "n"], ["CAN"]], "FA0": [["f", "a"], ["FA"]], "CI2": [["c", "i"], ["CI"]], "PAN1": [["c", "an"], ["PAN"]], "LAO10": [["l", "AU^", "sil_phone", "AU^", "sil_phone", "AU^", "sil_phone", "AU^", "sil_phone", "AU^", "sil_phone", "AU^", "sil_phone", "AU^", "sil_phone", "AU^"], ["LAO"]], "HAI7": [["x", "w", "aI^"], ["HAI"]], "SIAO2": [["c", "j", "AU^", "u"], ["XIAO"]], "SAO0": [["c", "AU^", "u"], ["SAO"]], "ZHE2": [["c", "7"], ["ZHE"]], "YUAN11": [["j", "H", "u", "an", "n"], ["YUAN"]], "HUA11": [["x", "a"], ["HUA"]], "FEN7": [["f", "@n", "sil_phone", "@n"], ["FEN"]], "YE2": [["j", "E"], ["YE"]], "AN1": [["an", "n"], ["AN"]], "BEN1": [["c", "@n", "n"], ["BEN"]]}